A	C	transcriptA100034		gene_fusion	0	geneA39694	geneC33388;geneC33389;geneC33390;geneC33392	;category:n;
A	C	transcriptA100337	transcriptC49476	unique_transcript	0	geneA42124	geneC35637	;category:=;
A	C	transcriptA100848	transcriptC21580	multiple_transcript	0	geneA32231	geneC26591	;category:=;from_len=1014;to_len=1509;from_coverage_length=2456;to_coverage_length=3332
A	C	transcriptA100848	transcriptC21579	multiple_transcript	0	geneA32231	geneC26591	;category:=;from_len=1014;to_len=1393;from_coverage_length=2456;to_coverage_length=3096
A	C	transcriptA100848	transcriptC21581	multiple_transcript	0	geneA32231	geneC26591	;category:=;from_len=1014;to_len=1480;from_coverage_length=2456;to_coverage_length=3096
A	C	transcriptA100998		absent_transcript	0	geneA8280	geneC38984	;category:j;
A	C	transcriptA10127		absent_transcript	0	geneA20676	geneC15869	;category:n;
A	C	transcriptA101790		absent_transcript	0	geneA6621	geneC5524	;category:j;
A	C	transcriptA102626		gene_fusion	0	geneA35520	geneC29498;geneC29499	;category:j;
A	C	transcriptA102741		absent_transcript	0	geneA6621	geneC5524	;category:n;
A	C	transcriptA102885		absent_transcript	0	geneA20676	geneC15869	;category:j;
A	C	transcriptA103216		absent_transcript	0	geneA16485	geneC11882	;category:j;
A	C	transcriptA105112		gene_fusion	0	geneA35520	geneC29498;geneC29499	;category:j;
A	C	transcriptA105958	transcriptC7176	unique_transcript	0	geneA8281	geneC38985	;category:=;
A	C	transcriptA106496		absent_transcript	0	geneA14875	geneC10293	;category:j;
A	C	transcriptA106549		absent_transcript	0	geneA39888	geneC719	;category:j;
A	C	transcriptA106588		absent_transcript	0	geneA8280	geneC38984	;category:j;
A	C	transcriptA106732		absent_transcript	0	geneA12428	geneC8126	;category:j;
A	C	transcriptA107322	transcriptC51023	multiple_transcript	0	geneA14875	geneC10293	;category:c;from_len=1854;to_len=5133;from_coverage_length=4614;to_coverage_length=8957
A	C	transcriptA107322	transcriptC51021	multiple_transcript	0	geneA14875	geneC10293	;category:c;from_len=1854;to_len=5091;from_coverage_length=4614;to_coverage_length=8951
A	C	transcriptA107322	transcriptC51020	multiple_transcript	0	geneA14875	geneC10293	;category:c;from_len=1854;to_len=4855;from_coverage_length=4614;to_coverage_length=8957
A	C	transcriptA107322	transcriptC51022	multiple_transcript	0	geneA14875	geneC10293	;category:c;from_len=1854;to_len=5105;from_coverage_length=4614;to_coverage_length=8957
A	C	transcriptA107322	transcriptC51024	multiple_transcript	0	geneA14875	geneC10293	;category:c;from_len=1854;to_len=5870;from_coverage_length=4614;to_coverage_length=8748
A	C	transcriptA107322	transcriptC51026	multiple_transcript	0	geneA14875	geneC10293	;category:c;from_len=1854;to_len=5063;from_coverage_length=4614;to_coverage_length=8951
A	C	transcriptA107322	transcriptC51027	multiple_transcript	0	geneA14875	geneC10293	;category:c;from_len=1854;to_len=4883;from_coverage_length=4614;to_coverage_length=8957
A	C	transcriptA107322	transcriptC51025	multiple_transcript	0	geneA14875	geneC10293	;category:c;from_len=1854;to_len=5620;from_coverage_length=4614;to_coverage_length=8748
A	C	transcriptA107386		gene_fusion	0	geneA35520	geneC29498;geneC29499	;category:j;
A	C	transcriptA107468		gene_fusion	0	geneA35520	geneC29498;geneC29499	;category:j;
A	C	transcriptA107513		absent_gene	0	geneA39695		;category:j;
A	C	transcriptA107885		absent_transcript	0	geneA20676	geneC15869	;category:n;
A	C	transcriptA108164		absent_transcript	0	geneA6621	geneC5524	;category:n;
A	C	transcriptA108175		absent_transcript	0	geneA35520	geneC29499	;category:j;
A	C	transcriptA108474		absent_gene	0	transcriptA108474		;category:x;
A	C	transcriptA108979	transcriptC20349	unique_transcript	0	geneA20291	geneC15537	;category:=;
A	C	transcriptA109051		absent_transcript	0	geneA12428	geneC8126	;category:j;
A	C	transcriptA10934		gene_fusion	0	geneA39694	geneC33388;geneC33389;geneC33390;geneC33392	;category:j;
A	C	transcriptA110365		absent_transcript	0	geneA25622	geneC20561	;category:j;
A	C	transcriptA110418		absent_gene	0	transcriptA110418		;category:x;
A	C	transcriptA110427		absent_transcript	0	geneA39888	geneC719	;category:j;
A	C	transcriptA110823		gene_fusion	0	geneA35520	geneC29498;geneC29499	;category:j;
A	C	transcriptA110909		gene_fusion	0	geneA39694	geneC33388;geneC33389;geneC33390;geneC33392	;category:j;
A	C	transcriptA110920		gene_fusion	0	geneA39694	geneC33388;geneC33389;geneC33390;geneC33392	;category:n;
A	C	transcriptA111108		gene_fusion	0	geneA35520	geneC29498;geneC29499	;category:j;
A	C	transcriptA111724		absent_transcript	0	geneA26673	geneC21582	;category:j;
A	C	transcriptA111864		absent_transcript	0	geneA6621	geneC5524	;category:j;
A	C	transcriptA111868		absent_transcript	0	geneA39888	geneC719	;category:n;
A	C	transcriptA112148		gene_fusion	0	geneA12607	geneC8282;geneC8283	;category:j;
A	C	transcriptA112175		absent_transcript	0	geneA39888	geneC719	;category:j;
A	C	transcriptA112218		gene_fusion	0	geneA35520	geneC29498;geneC29499	;category:j;
A	C	transcriptA112362		absent_transcript	0	geneA35520	geneC29499	;category:j;
A	C	transcriptA112888		absent_transcript	0	geneA12607	geneC8282	;category:j;
A	C	transcriptA112904		absent_transcript	0	geneA16485	geneC11882	;category:n;
A	C	transcriptA114041		gene_fusion	0	geneA35520	geneC29498;geneC29499	;category:j;
A	C	transcriptA114158	transcriptC29201	unique_transcript	0	geneA4128	geneC3307	;category:=;
A	C	transcriptA114627		gene_fusion	0	geneA35520	geneC29498;geneC29499	;category:j;
A	C	transcriptA114634		absent_transcript	0	geneA20676	geneC15869	;category:n;
A	C	transcriptA114684		absent_transcript	0	geneA3421	geneC2730	;category:n;
A	C	transcriptA115025		absent_transcript	0	geneA41459	geneC35017	;category:j;
A	C	transcriptA115552		absent_transcript	0	geneA16485	geneC11882	;category:j;
A	C	transcriptA115649		gene_fusion	0	geneA39694	geneC33388;geneC33389;geneC33390;geneC33392	;category:j;
A	C	transcriptA11620		gene_fusion	0	geneA35520	geneC29498;geneC29499	;category:j;
A	C	transcriptA116205		absent_transcript	0	geneA1958	geneC1429	;category:j;
A	C	transcriptA116852		absent_transcript	0	geneA6621	geneC5524	;category:n;
A	C	transcriptA116984		gene_fusion	0	geneA20282	geneC15525;geneC15526	;category:k;
A	C	transcriptA117476		absent_transcript	0	geneA8280	geneC38984	;category:n;
A	C	transcriptA11760		absent_transcript	0	geneA20676	geneC15869	;category:n;
A	C	transcriptA117744		absent_transcript	0	geneA42124	geneC35637	;category:j;
A	C	transcriptA119		absent_transcript	0	geneA16485	geneC11882	;category:j;
A	C	transcriptA119635		gene_fusion	0	geneA39694	geneC33388;geneC33389;geneC33390;geneC33392	;category:j;
A	C	transcriptA119652		absent_transcript	0	geneA35520	geneC29499	;category:n;
A	C	transcriptA119851		absent_transcript	0	geneA35467	geneC29445	;category:j;
A	C	transcriptA120346		absent_transcript	0	geneA6621	geneC5524	;category:n;
A	C	transcriptA120440		absent_transcript	0	geneA4704	geneC3818	;category:n;
A	C	transcriptA120455		absent_transcript	0	geneA14875	geneC10293	;category:n;
A	C	transcriptA120576		absent_gene	0	geneA14952		;category:j;
A	C	transcriptA120829		absent_transcript	0	geneA12608	geneC8283	;category:j;
A	C	transcriptA121886		absent_transcript	0	geneA20676	geneC15869	;category:n;
A	C	transcriptA122304		absent_transcript	0	geneA32231	geneC26591	;category:j;
A	C	transcriptA122777		absent_transcript	0	geneA255	geneC1168	;category:j;
A	C	transcriptA122867		absent_transcript	0	geneA20676	geneC15869	;category:n;
A	C	transcriptA123271		gene_fusion	0	geneA35520	geneC29498;geneC29499	;category:j;
A	C	transcriptA123352		absent_transcript	0	geneA6621	geneC5524	;category:n;
A	C	transcriptA12362		absent_transcript	0	geneA4704	geneC3818	;category:n;
A	C	transcriptA123628		absent_transcript	0	geneA8280	geneC38984	;category:m;
A	C	transcriptA123674		absent_transcript	0	geneA6621	geneC5524	;category:n;
A	C	transcriptA124611		absent_transcript	0	geneA6621	geneC5524	;category:n;
A	C	transcriptA124796		absent_transcript	0	geneA25622	geneC20561	;category:n;
A	C	transcriptA125712		absent_transcript	0	geneA14875	geneC10293	;category:n;
A	C	transcriptA125721		absent_transcript	0	geneA14599	geneC10023	;category:o;
A	C	transcriptA125763		absent_transcript	0	geneA39697	geneC33392	;category:j;
A	C	transcriptA125958		absent_transcript	0	geneA6621	geneC5524	;category:n;
A	C	transcriptA126200	transcriptC51023	unique_transcript	0	geneA14875	geneC10293	;category:=;
A	C	transcriptA126693		gene_fusion	0	geneA39694	geneC33388;geneC33389;geneC33390;geneC33392	;category:j;
A	C	transcriptA126892		gene_fusion	0	geneA35520	geneC29498;geneC29499	;category:k;
A	C	transcriptA127101		absent_transcript	0	geneA4704	geneC3818	;category:j;
A	C	transcriptA127232		absent_transcript	0	geneA20297	geneC15541	;category:j;
A	C	transcriptA127272		gene_fusion	0	geneA35520	geneC29498;geneC29499	;category:j;
A	C	transcriptA128220		gene_fusion	0	geneA1914	geneC1394;geneC1395	;category:j;
A	C	transcriptA128670		absent_transcript	0	geneA20676	geneC15869	;category:n;
A	C	transcriptA12911		absent_transcript	0	geneA20676	geneC15869	;category:n;
A	C	transcriptA129358		absent_transcript	0	geneA16485	geneC11882	;category:o;
A	C	transcriptA129392		absent_transcript	0	geneA4713	geneC3827	;category:j;
A	C	transcriptA129999		absent_transcript	0	geneA39697	geneC33392	;category:n;
A	C	transcriptA130471		absent_gene	0	transcriptA130471		;category:x;
A	C	transcriptA130496		absent_transcript	0	geneA6621	geneC5524	;category:n;
A	C	transcriptA130544		gene_fusion	0	geneA35520	geneC29498;geneC29499	;category:k;
A	C	transcriptA130699		absent_transcript	0	geneA6621	geneC5524	;category:n;
A	C	transcriptA130828		absent_transcript	0	geneA26673	geneC21582	;category:j;
A	C	transcriptA130975		absent_transcript	0	geneA20676	geneC15869	;category:n;
A	C	transcriptA13117	transcriptC21579	unique_transcript	0	geneA32231	geneC26591	;category:=;
A	C	transcriptA131288		gene_fusion	0	geneA35520	geneC29498;geneC29499	;category:j;
A	C	transcriptA131496		gene_fusion	0	geneA39694	geneC33388;geneC33389;geneC33390;geneC33392	;category:n;
A	C	transcriptA132057		absent_transcript	0	geneA6621	geneC5524	;category:n;
A	C	transcriptA132713		absent_transcript	0	geneA4704	geneC3818	;category:j;
A	C	transcriptA132727		absent_gene	0	transcriptA132727		;category:i;
A	C	transcriptA133145		gene_fusion	0	geneA35520	geneC29498;geneC29499	;category:j;
A	C	transcriptA134136		absent_transcript	0	geneA3421	geneC2730	;category:j;
A	C	transcriptA134280		gene_fusion	0	geneA35520	geneC29498;geneC29499	;category:j;
A	C	transcriptA134782		absent_transcript	0	geneA3433	geneC2739	;category:o;
A	C	transcriptA134800		absent_transcript	0	geneA14875	geneC10293	;category:n;
A	C	transcriptA135746		absent_transcript	0	geneA14875	geneC10293	;category:j;
A	C	transcriptA136055		absent_gene	0	geneA14952		;category:j;
A	C	transcriptA136206		absent_transcript	0	geneA14875	geneC10293	;category:n;
A	C	transcriptA136502		absent_transcript	0	geneA15083	geneC10477	;category:j;
A	C	transcriptA136549	transcriptC11596	unique_transcript	0	geneA13455	geneC9046	;category:=;
A	C	transcriptA136976	transcriptC47473	unique_transcript	0	geneA1910	geneC1390	;category:=;
A	C	transcriptA137263	transcriptC7170	unique_transcript	0	geneA8281	geneC38985	;category:=;
A	C	transcriptA137299		gene_fusion	0	geneA35520	geneC29498;geneC29499	;category:j;
A	C	transcriptA137391		absent_transcript	0	geneA1958	geneC1429	;category:j;
A	C	transcriptA138646		gene_fusion	0	geneA35520	geneC29498;geneC29499	;category:j;
A	C	transcriptA139610	transcriptC51022	unique_transcript	0	geneA14875	geneC10293	;category:=;
A	C	transcriptA139819		gene_fusion	0	geneA35520	geneC29498;geneC29499	;category:j;
A	C	transcriptA140029		absent_transcript	0	geneA35467	geneC29445	;category:j;
A	C	transcriptA14089		absent_transcript	0	geneA20676	geneC15869	;category:n;
A	C	transcriptA14534		absent_transcript	0	geneA39697	geneC33392	;category:n;
A	C	transcriptA14602		gene_fusion	0	geneA35520	geneC29498;geneC29499	;category:j;
A	C	transcriptA14826		absent_transcript	0	geneA39697	geneC33392	;category:j;
A	C	transcriptA15794		absent_transcript	0	geneA20676	geneC15869	;category:n;
A	C	transcriptA15828		absent_transcript	0	geneA6621	geneC5524	;category:n;
A	C	transcriptA15961		absent_transcript	0	geneA14953	geneC10352	;category:j;
A	C	transcriptA16327		absent_transcript	0	geneA26671	geneC21578	;category:j;
A	C	transcriptA16963		absent_transcript	0	geneA20297	geneC15541	;category:j;
A	C	transcriptA17288		gene_fusion	0	geneA35520	geneC29498;geneC29499	;category:j;
A	C	transcriptA17316		absent_transcript	0	geneA6621	geneC5524	;category:n;
A	C	transcriptA17603		absent_transcript	0	geneA39888	geneC719	;category:j;
A	C	transcriptA18120		absent_transcript	0	geneA6621	geneC5524	;category:n;
A	C	transcriptA18169		absent_gene	0	transcriptA18169		;category:x;
A	C	transcriptA18586	transcriptC2870	multiple_transcript	0	geneA8280	geneC38984	;category:=;from_len=1212;to_len=2913;from_coverage_length=1696;to_coverage_length=3618
A	C	transcriptA18586	transcriptC2871	multiple_transcript	0	geneA8280	geneC38984	;category:=;from_len=1212;to_len=1705;from_coverage_length=1696;to_coverage_length=3837
A	C	transcriptA18586	transcriptC2872	multiple_transcript	0	geneA8280	geneC38984	;category:=;from_len=1212;to_len=3204;from_coverage_length=1696;to_coverage_length=3686
A	C	transcriptA19706	transcriptC8798	unique_transcript	0	geneA20284	geneC15529	;category:=;
A	C	transcriptA19780		gene_fusion	0	geneA39694	geneC33388;geneC33389;geneC33390;geneC33392	;category:j;
A	C	transcriptA20013		absent_transcript	0	geneA16485	geneC11882	;category:j;
A	C	transcriptA20237		absent_transcript	0	geneA5016	geneC4108	;category:o;
A	C	transcriptA20740		absent_transcript	0	geneA35520	geneC29499	;category:j;
A	C	transcriptA2076		absent_transcript	0	geneA39888	geneC719	;category:n;
A	C	transcriptA21389		absent_transcript	0	geneA12428	geneC8126	;category:m;
A	C	transcriptA21662	transcriptC21273	unique_transcript	0	geneA2792	geneC2172	;category:=;
A	C	transcriptA22072		absent_transcript	0	geneA3421	geneC2730	;category:n;
A	C	transcriptA22405		absent_transcript	0	geneA20676	geneC15869	;category:n;
A	C	transcriptA22540		absent_transcript	0	geneA3421	geneC2730	;category:n;
A	C	transcriptA23854		absent_transcript	0	geneA25622	geneC20561	;category:n;
A	C	transcriptA24361	transcriptC30332	unique_transcript	0	geneA20676	geneC15869	;category:c;
A	C	transcriptA24382		gene_fusion	0	geneA35520	geneC29498;geneC29499	;category:j;
A	C	transcriptA24994		absent_transcript	0	geneA15082	geneC10475	;category:m;
A	C	transcriptA25520		absent_gene	0	geneA14952		;category:j;
A	C	transcriptA26197		absent_transcript	0	geneA35520	geneC29499	;category:o;
A	C	transcriptA26523		absent_transcript	0	geneA35520	geneC29499	;category:j;
A	C	transcriptA27497		absent_transcript	0	geneA17350	geneC12674	;category:n;
A	C	transcriptA28132		absent_transcript	0	geneA41459	geneC35017	;category:j;
A	C	transcriptA28438		absent_transcript	0	geneA12607	geneC8282	;category:j;
A	C	transcriptA28613		absent_transcript	0	geneA14875	geneC10293	;category:j;
A	C	transcriptA29207		absent_transcript	0	geneA25622	geneC20561	;category:n;
A	C	transcriptA29625		absent_transcript	0	geneA20676	geneC15869	;category:n;
A	C	transcriptA29832		absent_transcript	0	geneA14875	geneC10293	;category:j;
A	C	transcriptA30271		absent_transcript	0	geneA6621	geneC5524	;category:n;
A	C	transcriptA30563		gene_fusion	0	geneA35520	geneC29498;geneC29499	;category:j;
A	C	transcriptA31053		absent_transcript	0	geneA7138	geneC37875	;category:j;
A	C	transcriptA31089		absent_transcript	0	geneA6621	geneC5524	;category:n;
A	C	transcriptA31735	transcriptC30337	unique_transcript	0	geneA20676	geneC15869	;category:c;
A	C	transcriptA32535		absent_transcript	0	geneA4704	geneC3818	;category:n;
A	C	transcriptA3345		absent_transcript	0	geneA16485	geneC11882	;category:m;
A	C	transcriptA33790		absent_transcript	0	geneA35520	geneC29499	;category:j;
A	C	transcriptA33845	transcriptC49395	unique_transcript	0	geneA20286	geneC15532	;category:=;
A	C	transcriptA34069		absent_transcript	0	geneA12608	geneC8283	;category:j;
A	C	transcriptA34887	transcriptC19193	unique_transcript	0	geneA7138	geneC37875	;category:=;
A	C	transcriptA34921		gene_fusion	0	geneA35520	geneC29498;geneC29499	;category:j;
A	C	transcriptA35057	transcriptC36865	unique_transcript	0	geneA16485	geneC11882	;category:=;
A	C	transcriptA35846		absent_transcript	0	geneA14953	geneC10352	;category:j;
A	C	transcriptA36322		absent_transcript	0	geneA16485	geneC11882	;category:j;
A	C	transcriptA36533		absent_transcript	0	geneA14565	geneC10000	;category:j;
A	C	transcriptA36582		absent_transcript	0	geneA17404	geneC12726	;category:j;
A	C	transcriptA36950		gene_fusion	0	geneA35520	geneC29498;geneC29499	;category:j;
A	C	transcriptA37445		absent_transcript	0	geneA20676	geneC15869	;category:n;
A	C	transcriptA37949		absent_transcript	0	geneA6621	geneC5524	;category:j;
A	C	transcriptA38435		absent_transcript	0	geneA32231	geneC26591	;category:j;
A	C	transcriptA38442		gene_fusion	0	geneA35520	geneC29498;geneC29499	;category:j;
A	C	transcriptA38549		absent_transcript	0	geneA39888	geneC719	;category:j;
A	C	transcriptA39001		gene_fusion	0	geneA39694	geneC33388;geneC33389;geneC33390;geneC33392	;category:j;
A	C	transcriptA3945		absent_transcript	0	geneA35467	geneC29445	;category:j;
A	C	transcriptA39750		absent_transcript	0	geneA25622	geneC20561	;category:n;
A	C	transcriptA39966		gene_fusion	0	geneA35520	geneC29498;geneC29499	;category:j;
A	C	transcriptA40036		gene_fusion	0	geneA35520	geneC29498;geneC29499	;category:j;
A	C	transcriptA40327		absent_transcript	0	geneA20676	geneC15869	;category:n;
A	C	transcriptA40364		absent_transcript	0	geneA20297	geneC15541	;category:n;
A	C	transcriptA41122		absent_gene	0	transcriptA41122		;category:x;
A	C	transcriptA41218		absent_transcript	0	geneA6621	geneC5524	;category:n;
A	C	transcriptA41525		gene_fusion	0	geneA35520	geneC29498;geneC29499	;category:k;
A	C	transcriptA41631		gene_fusion	0	geneA35520	geneC29498;geneC29499	;category:j;
A	C	transcriptA41985		gene_fusion	0	geneA35520	geneC29498;geneC29499	;category:j;
A	C	transcriptA42989		absent_transcript	0	geneA37836	geneC31580	;category:j;
A	C	transcriptA44232		gene_fusion	0	geneA35520	geneC29498;geneC29499	;category:j;
A	C	transcriptA44360		gene_fusion	0	geneA35520	geneC29498;geneC29499	;category:k;
A	C	transcriptA44626		absent_transcript	0	geneA25622	geneC20561	;category:j;
A	C	transcriptA45689	transcriptC20301	multiple_transcript	0	geneA3433	geneC2739	;category:=;from_len=2746;to_len=3232;from_coverage_length=4261;to_coverage_length=4784
A	C	transcriptA45689	transcriptC20300	multiple_transcript	0	geneA3433	geneC2739	;category:=;from_len=2746;to_len=3298;from_coverage_length=4261;to_coverage_length=4813
A	C	transcriptA46189		absent_transcript	0	geneA8281	geneC38985	;category:j;
A	C	transcriptA46429		gene_fusion	0	geneA35520	geneC29498;geneC29499	;category:j;
A	C	transcriptA46499		absent_transcript	0	geneA6621	geneC5524	;category:n;
A	C	transcriptA46793		absent_transcript	0	geneA7138	geneC37875	;category:j;
A	C	transcriptA47734		absent_transcript	0	geneA20676	geneC15869	;category:n;
A	C	transcriptA47851		absent_transcript	0	geneA3421	geneC2730	;category:n;
A	C	transcriptA48598		absent_transcript	0	geneA8280	geneC38984	;category:m;
A	C	transcriptA48858		absent_transcript	0	geneA3421	geneC2730	;category:j;
A	C	transcriptA49148		absent_transcript	0	geneA7138	geneC37875	;category:j;
A	C	transcriptA49152		absent_transcript	0	geneA12428	geneC8126	;category:j;
A	C	transcriptA50430		absent_transcript	0	geneA3421	geneC2730	;category:n;
A	C	transcriptA50713		absent_transcript	0	geneA16485	geneC11882	;category:n;
A	C	transcriptA50988		absent_transcript	0	geneA16485	geneC11882	;category:j;
A	C	transcriptA52049	transcriptC51023	multiple_transcript	0	geneA14875	geneC10293	;category:c;from_len=1452;to_len=5133;from_coverage_length=4176;to_coverage_length=8957
A	C	transcriptA52049	transcriptC51021	multiple_transcript	0	geneA14875	geneC10293	;category:c;from_len=1452;to_len=5091;from_coverage_length=4176;to_coverage_length=8951
A	C	transcriptA52049	transcriptC51020	multiple_transcript	0	geneA14875	geneC10293	;category:c;from_len=1452;to_len=4855;from_coverage_length=4176;to_coverage_length=8957
A	C	transcriptA52049	transcriptC51022	multiple_transcript	0	geneA14875	geneC10293	;category:c;from_len=1452;to_len=5105;from_coverage_length=4176;to_coverage_length=8957
A	C	transcriptA52049	transcriptC51024	multiple_transcript	0	geneA14875	geneC10293	;category:c;from_len=1452;to_len=5870;from_coverage_length=4176;to_coverage_length=8748
A	C	transcriptA52049	transcriptC51026	multiple_transcript	0	geneA14875	geneC10293	;category:c;from_len=1452;to_len=5063;from_coverage_length=4176;to_coverage_length=8951
A	C	transcriptA52049	transcriptC51027	multiple_transcript	0	geneA14875	geneC10293	;category:c;from_len=1452;to_len=4883;from_coverage_length=4176;to_coverage_length=8957
A	C	transcriptA52049	transcriptC51025	multiple_transcript	0	geneA14875	geneC10293	;category:c;from_len=1452;to_len=5620;from_coverage_length=4176;to_coverage_length=8748
A	C	transcriptA52465	transcriptC35261	unique_transcript	0	geneA14953	geneC10352	;category:c;
A	C	transcriptA52472		gene_fusion	0	geneA35520	geneC29498;geneC29499	;category:k;
A	C	transcriptA52495		gene_fusion	0	geneA35520	geneC29498;geneC29499	;category:j;
A	C	transcriptA52839		absent_transcript	0	geneA20676	geneC15869	;category:n;
A	C	transcriptA53316		absent_transcript	0	geneA3421	geneC2730	;category:j;
A	C	transcriptA5343		absent_gene	0	geneA35521		;category:u;
A	C	transcriptA53566		gene_fusion	0	geneA35520	geneC29498;geneC29499	;category:j;
A	C	transcriptA53955		absent_transcript	0	geneA6621	geneC5524	;category:n;
A	C	transcriptA5396		absent_transcript	0	geneA32231	geneC26591	;category:m;
A	C	transcriptA54198		gene_fusion	0	geneA35520	geneC29498;geneC29499	;category:j;
A	C	transcriptA54249		absent_transcript	0	geneA4704	geneC3818	;category:n;
A	C	transcriptA55666		absent_transcript	0	geneA32231	geneC26591	;category:n;
A	C	transcriptA55881		absent_transcript	0	geneA17350	geneC12674	;category:n;
A	C	transcriptA56598		gene_fusion	0	geneA39694	geneC33388;geneC33389;geneC33390;geneC33392	;category:n;
A	C	transcriptA57239	transcriptC38889	unique_transcript	0	geneA3408	geneC2718	;category:=;
A	C	transcriptA57241		absent_transcript	0	geneA6621	geneC5524	;category:n;
A	C	transcriptA57310		gene_fusion	0	geneA35520	geneC29498;geneC29499	;category:k;
A	C	transcriptA57835		absent_transcript	0	geneA376	geneC14	;category:o;
A	C	transcriptA58		absent_transcript	0	geneA8281	geneC38985	;category:j;
A	C	transcriptA5802		absent_transcript	0	geneA20297	geneC15541	;category:n;
A	C	transcriptA58028		absent_transcript	0	geneA3421	geneC2730	;category:j;
A	C	transcriptA58269		absent_transcript	0	geneA8280	geneC38984	;category:m;
A	C	transcriptA58981		absent_transcript	0	geneA20297	geneC15541	;category:n;
A	C	transcriptA5900		absent_gene	0	transcriptA5900		;category:x;
A	C	transcriptA59113	transcriptC11039	unique_transcript	0	geneA4713	geneC3827	;category:=;
A	C	transcriptA59254		absent_transcript	0	geneA6621	geneC5524	;category:n;
A	C	transcriptA59404		gene_fusion	0	geneA35520	geneC29498;geneC29499	;category:j;
A	C	transcriptA5975	transcriptC16236	unique_transcript	0	geneA30972	geneC25479	;category:=;
A	C	transcriptA60435		absent_transcript	0	geneA7138	geneC37875	;category:j;
A	C	transcriptA60764		gene_fusion	0	geneA35520	geneC29498;geneC29499	;category:j;
A	C	transcriptA62123		absent_transcript	0	geneA4704	geneC3818	;category:n;
A	C	transcriptA62175		gene_fusion	0	geneA35520	geneC29498;geneC29499	;category:j;
A	C	transcriptA62769		absent_transcript	0	geneA8280	geneC38984	;category:j;
A	C	transcriptA62780		absent_transcript	0	geneA20676	geneC15869	;category:n;
A	C	transcriptA62947		absent_transcript	0	geneA39888	geneC719	;category:j;
A	C	transcriptA63360	transcriptC21581	unique_transcript	0	geneA32231	geneC26591	;category:=;
A	C	transcriptA63653		absent_transcript	0	geneA3421	geneC2730	;category:n;
A	C	transcriptA63875		absent_transcript	0	geneA12607	geneC8282	;category:n;
A	C	transcriptA64816		absent_transcript	0	geneA12428	geneC8126	;category:j;
A	C	transcriptA65374		gene_fusion	0	geneA35520	geneC29498;geneC29499	;category:j;
A	C	transcriptA65815		gene_fusion	0	geneA35520	geneC29498;geneC29499	;category:j;
A	C	transcriptA66850		absent_transcript	0	geneA37836	geneC31580	;category:j;
A	C	transcriptA67072		absent_transcript	0	geneA20676	geneC15869	;category:n;
A	C	transcriptA67209		absent_transcript	0	geneA39888	geneC719	;category:j;
A	C	transcriptA67216		gene_fusion	0	geneA39694	geneC33388;geneC33389;geneC33390;geneC33392	;category:j;
A	C	transcriptA67267		absent_transcript	0	geneA6621	geneC5524	;category:n;
A	C	transcriptA67336		gene_fusion	0	geneA35520	geneC29498;geneC29499	;category:j;
A	C	transcriptA67550	transcriptC41140	unique_transcript	0	geneA11166	geneC6957	;category:=;
A	C	transcriptA67772		absent_transcript	0	geneA39697	geneC33392	;category:n;
A	C	transcriptA67902	transcriptC10632	unique_transcript	0	geneA14325	geneC9826	;category:=;
A	C	transcriptA68208		absent_transcript	0	geneA6621	geneC5524	;category:n;
A	C	transcriptA68263		gene_fusion	0	geneA39694	geneC33388;geneC33389;geneC33390;geneC33392	;category:n;
A	C	transcriptA68356		absent_transcript	0	geneA20676	geneC15869	;category:n;
A	C	transcriptA68552		absent_transcript	0	geneA17350	geneC12674	;category:j;
A	C	transcriptA68878		gene_fusion	0	geneA39694	geneC33388;geneC33389;geneC33390;geneC33392	;category:j;
A	C	transcriptA69260		absent_transcript	0	geneA20676	geneC15869	;category:n;
A	C	transcriptA69621		absent_transcript	0	geneA6621	geneC5524	;category:j;
A	C	transcriptA69627		absent_transcript	0	geneA42124	geneC35637	;category:j;
A	C	transcriptA7049		absent_transcript	0	geneA12428	geneC8126	;category:n;
A	C	transcriptA71169		gene_fusion	0	geneA35520	geneC29498;geneC29499	;category:j;
A	C	transcriptA71799		absent_transcript	0	geneA3421	geneC2730	;category:j;
A	C	transcriptA72232		absent_transcript	0	geneA1479	geneC988	;category:j;
A	C	transcriptA72394	transcriptC22660	unique_transcript	0	geneA3662	geneC2938	;category:=;
A	C	transcriptA72754		gene_fusion	0	geneA35520	geneC29498;geneC29499	;category:k;
A	C	transcriptA73225	transcriptC47474	unique_transcript	0	geneA1910	geneC1390	;category:=;
A	C	transcriptA74008		absent_transcript	0	geneA14875	geneC10293	;category:j;
A	C	transcriptA74085	transcriptC35261	unique_transcript	0	geneA14952	geneC10352	;category:c;
A	C	transcriptA74094		absent_transcript	0	geneA20297	geneC15541	;category:n;
A	C	transcriptA74121		absent_transcript	0	geneA14875	geneC10293	;category:m;
A	C	transcriptA75102		gene_fusion	0	geneA35520	geneC29498;geneC29499	;category:j;
A	C	transcriptA7588	transcriptC51024	unique_transcript	0	geneA14875	geneC10293	;category:=;
A	C	transcriptA76633		gene_fusion	0	geneA39694	geneC33388;geneC33389;geneC33390;geneC33392	;category:j;
A	C	transcriptA78507		absent_transcript	0	geneA14875	geneC10293	;category:n;
A	C	transcriptA78532		gene_fusion	0	geneA39694	geneC33388;geneC33389;geneC33390;geneC33392	;category:n;
A	C	transcriptA79020	transcriptC47826	unique_transcript	0	geneA20281	geneC15520	;category:=;
A	C	transcriptA79044		absent_transcript	0	geneA6621	geneC5524	;category:n;
A	C	transcriptA79305		absent_transcript	0	geneA39888	geneC719	;category:j;
A	C	transcriptA79549		absent_transcript	0	geneA16485	geneC11882	;category:j;
A	C	transcriptA80104		absent_transcript	0	geneA25622	geneC20561	;category:n;
A	C	transcriptA80210		absent_transcript	0	geneA4704	geneC3818	;category:n;
A	C	transcriptA80231		absent_transcript	0	geneA6621	geneC5524	;category:n;
A	C	transcriptA80894		absent_transcript	0	geneA3421	geneC2730	;category:n;
A	C	transcriptA8097		absent_transcript	0	geneA17350	geneC12674	;category:j;
A	C	transcriptA81709		absent_transcript	0	geneA7138	geneC37875	;category:j;
A	C	transcriptA82794		absent_transcript	0	geneA8281	geneC38985	;category:j;
A	C	transcriptA82817		absent_transcript	0	geneA6621	geneC5524	;category:n;
A	C	transcriptA8352	transcriptC51022	unique_transcript	0	geneA14875	geneC10293	;category:=;
A	C	transcriptA84748		gene_fusion	0	geneA35520	geneC29498;geneC29499	;category:j;
A	C	transcriptA84958		gene_fusion	0	geneA35520	geneC29498;geneC29499	;category:j;
A	C	transcriptA85630		absent_transcript	0	geneA6621	geneC5524	;category:n;
A	C	transcriptA86416		absent_transcript	0	geneA20676	geneC15869	;category:n;
A	C	transcriptA86515		absent_transcript	0	geneA14875	geneC10293	;category:n;
A	C	transcriptA86776		absent_transcript	0	geneA12428	geneC8126	;category:j;
A	C	transcriptA87244		absent_transcript	0	geneA20676	geneC15869	;category:n;
A	C	transcriptA87993		absent_transcript	0	geneA20676	geneC15869	;category:n;
A	C	transcriptA88332		absent_transcript	0	geneA20297	geneC15541	;category:j;
A	C	transcriptA89156		gene_fusion	0	geneA35520	geneC29498;geneC29499	;category:j;
A	C	transcriptA89267		absent_transcript	0	geneA25622	geneC20561	;category:n;
A	C	transcriptA89268		absent_transcript	0	geneA6621	geneC5524	;category:n;
A	C	transcriptA89414		absent_transcript	0	geneA20676	geneC15869	;category:j;
A	C	transcriptA8945		gene_fusion	0	geneA39694	geneC33388;geneC33389;geneC33390;geneC33392	;category:n;
A	C	transcriptA89692		absent_gene	0	transcriptA89692		;category:x;
A	C	transcriptA89847		absent_transcript	0	geneA3421	geneC2730	;category:n;
A	C	transcriptA91395		absent_transcript	0	geneA12428	geneC8126	;category:j;
A	C	transcriptA91831		absent_transcript	0	geneA14875	geneC10293	;category:j;
A	C	transcriptA91987		absent_transcript	0	geneA7138	geneC37875	;category:j;
A	C	transcriptA92590		absent_transcript	0	geneA8280	geneC38984	;category:m;
A	C	transcriptA92985		absent_transcript	0	geneA20676	geneC15869	;category:j;
A	C	transcriptA93282		absent_transcript	0	geneA6621	geneC5524	;category:n;
A	C	transcriptA93467		absent_transcript	0	geneA16485	geneC11882	;category:n;
A	C	transcriptA93491		absent_transcript	0	geneA35520	geneC29498	;category:j;
A	C	transcriptA9398		absent_transcript	0	geneA3421	geneC2730	;category:n;
A	C	transcriptA94296		absent_transcript	0	geneA20676	geneC15869	;category:n;
A	C	transcriptA94488		absent_transcript	0	geneA20283	geneC15527	;category:e;
A	C	transcriptA94721		absent_transcript	0	geneA39697	geneC33392	;category:n;
A	C	transcriptA95178		absent_transcript	0	geneA17350	geneC12674	;category:n;
A	C	transcriptA95239		absent_transcript	0	geneA16485	geneC11882	;category:j;
A	C	transcriptA95366		absent_transcript	0	geneA6621	geneC5524	;category:n;
A	C	transcriptA95402		absent_gene	0	transcriptA95402		;category:o;
A	C	transcriptA95776		absent_transcript	0	geneA255	geneC1168	;category:j;
A	C	transcriptA96038	transcriptC21581	unique_transcript	0	geneA32231	geneC26591	;category:=;
A	C	transcriptA96535		absent_transcript	0	geneA7138	geneC37875	;category:j;
A	C	transcriptA96874		gene_fusion	0	geneA35520	geneC29498;geneC29499	;category:j;
A	C	transcriptA98528		absent_transcript	0	geneA17350	geneC12674	;category:n;
A	C	transcriptA98955	transcriptC48228	unique_transcript	0	geneA20285	geneC15530	;category:=;
A	C	transcriptA9921		absent_transcript	0	geneA39888	geneC719	;category:j;
A	C	transcriptA99865		absent_transcript	0	geneA14875	geneC10293	;category:j;
A	C	transcriptA99934		absent_transcript	0	geneA20676	geneC15869	;category:n;
C	A	transcriptC10632	transcriptA67902	unique_transcript	0	geneC9826	geneA14325	;category:=;
C	A	transcriptC11039	transcriptA59113	unique_transcript	0	geneC3827	geneA4713	;category:k;
C	A	transcriptC11596	transcriptA136549	unique_transcript	0	geneC9046	geneA13455	;category:=;
C	A	transcriptC11807	transcriptA37383	unique_transcript	0	geneC20156	geneA25181	;category:=;
C	A	transcriptC14718		absent_transcript	0	geneC10475	geneA15082	;category:j;
C	A	transcriptC15660		absent_transcript	0	geneC29445	geneA35467	;category:j;
C	A	transcriptC16130		absent_gene	0	geneC15528		;category:u;
C	A	transcriptC16178		absent_transcript	0	geneC24654	geneA35520	;category:j;
C	A	transcriptC16236	transcriptA5975	unique_transcript	0	geneC25479	geneA30972	;category:=;
C	A	transcriptC1826		absent_transcript	0	geneC2730	geneA3421	;category:j;
C	A	transcriptC1827		absent_transcript	0	geneC2730	geneA3421	;category:j;
C	A	transcriptC1828		absent_transcript	0	geneC2730	geneA3421	;category:j;
C	A	transcriptC1829		absent_transcript	0	geneC2730	geneA3421	;category:j;
C	A	transcriptC1831		absent_transcript	0	geneC2730	geneA3421	;category:j;
C	A	transcriptC18681		absent_transcript	0	geneC4108	geneA5016	;category:n;
C	A	transcriptC19062	transcriptA57239	unique_transcript	0	geneC2719	geneA3408	;category:=;
C	A	transcriptC19161		absent_transcript	0	geneC3818	geneA4704	;category:n;
C	A	transcriptC19193	transcriptA34887	unique_transcript	0	geneC37875	geneA7138	;category:=;
C	A	transcriptC20300	transcriptA45689	unique_transcript	0	geneC2739	geneA3433	;category:=;
C	A	transcriptC20301	transcriptA45689	unique_transcript	0	geneC2739	geneA3433	;category:=;
C	A	transcriptC20349	transcriptA108979	unique_transcript	0	geneC15537	geneA20291	;category:=;
C	A	transcriptC21273	transcriptA21662	unique_transcript	0	geneC2172	geneA2792	;category:=;
C	A	transcriptC21538		gene_fusion	0	geneC33388	geneA39694;geneA39695	;category:j;
C	A	transcriptC21579	transcriptA100848	multiple_transcript	0	geneC26591	geneA32231	;category:=;from_len=1393;to_len=1014;from_coverage_length=3096;to_coverage_length=2456
C	A	transcriptC21579	transcriptA13117	multiple_transcript	0	geneC26591	geneA32231	;category:=;from_len=1393;to_len=1188;from_coverage_length=3096;to_coverage_length=2717
C	A	transcriptC21579	transcriptA49997	multiple_transcript	0	geneC26591	geneA32231	;category:=;from_len=1393;to_len=450;from_coverage_length=3096;to_coverage_length=971
C	A	transcriptC21580	transcriptA100848	multiple_transcript	0	geneC26591	geneA32231	;category:j;from_len=1509;to_len=1014;from_coverage_length=3332;to_coverage_length=2456
C	A	transcriptC21580	transcriptA49997	multiple_transcript	0	geneC26591	geneA32231	;category:j;from_len=1509;to_len=450;from_coverage_length=3332;to_coverage_length=971
C	A	transcriptC21581	transcriptA100848	multiple_transcript	0	geneC26591	geneA32231	;category:=;from_len=1480;to_len=1014;from_coverage_length=3096;to_coverage_length=2456
C	A	transcriptC21581	transcriptA96038	multiple_transcript	0	geneC26591	geneA32231	;category:=;from_len=1480;to_len=1196;from_coverage_length=3096;to_coverage_length=2638
C	A	transcriptC21581	transcriptA49997	multiple_transcript	0	geneC26591	geneA32231	;category:=;from_len=1480;to_len=450;from_coverage_length=3096;to_coverage_length=971
C	A	transcriptC22199		absent_transcript	0	geneC15541	geneA20297	;category:j;
C	A	transcriptC22660	transcriptA72394	unique_transcript	0	geneC2938	geneA3662	;category:k;
C	A	transcriptC23073		absent_transcript	0	geneC988	geneA1479	;category:j;
C	A	transcriptC23074		absent_transcript	0	geneC988	geneA1479	;category:j;
C	A	transcriptC25905		absent_transcript	0	geneC14	geneA376	;category:o;
C	A	transcriptC26283		absent_transcript	0	geneC5524	geneA6621	;category:n;
C	A	transcriptC2870	transcriptA18586	unique_transcript	0	geneC38984	geneA8280	;category:j;
C	A	transcriptC28706		absent_transcript	0	geneC12726	geneA17404	;category:j;
C	A	transcriptC2871	transcriptA18586	unique_transcript	0	geneC38984	geneA8280	;category:j;
C	A	transcriptC2872	transcriptA18586	unique_transcript	0	geneC38984	geneA8280	;category:=;
C	A	transcriptC29201	transcriptA114158	unique_transcript	0	geneC3307	geneA4128	;category:=;
C	A	transcriptC29697		gene_fusion	0	geneC33392	geneA39694;geneA39695	;category:j;
C	A	transcriptC30330		absent_transcript	0	geneC15869	geneA20676	;category:n;
C	A	transcriptC30331		absent_transcript	0	geneC15869	geneA20676	;category:j;
C	A	transcriptC30332	transcriptA24361	unique_transcript	0	geneC15869	geneA20676	;category:n;
C	A	transcriptC30333	transcriptA37445	unique_transcript	0	geneC15869	geneA20676	;category:n;
C	A	transcriptC30334		absent_transcript	0	geneC15869	geneA20676	;category:n;
C	A	transcriptC30335		absent_transcript	0	geneC15869	geneA20676	;category:n;
C	A	transcriptC30336		absent_transcript	0	geneC15869	geneA20676	;category:n;
C	A	transcriptC30337	transcriptA31735	unique_transcript	0	geneC15869	geneA20676	;category:n;
C	A	transcriptC30556		absent_transcript	0	geneC8283	geneA12608	;category:j;
C	A	transcriptC30557		absent_transcript	0	geneC8283	geneA12608	;category:j;
C	A	transcriptC30558		absent_transcript	0	geneC8283	geneA12608	;category:j;
C	A	transcriptC30726		absent_transcript	0	geneC719	geneA39888	;category:j;
C	A	transcriptC33280		absent_transcript	0	geneC10477	geneA15083	;category:o;
C	A	transcriptC3373	transcriptA94488	unique_transcript	0	geneC15527	geneA20283	;category:k;
C	A	transcriptC34019		absent_transcript	0	geneC31580	geneA37836	;category:j;
C	A	transcriptC34535		absent_transcript	0	geneC29499	geneA35520	;category:j;
C	A	transcriptC35261	transcriptA52465	unique_transcript	0	geneC10352	geneA14953	;category:m;
C	A	transcriptC35836		absent_transcript	0	geneC1429	geneA1958	;category:j;
C	A	transcriptC35837		absent_transcript	0	geneC1429	geneA1958	;category:j;
C	A	transcriptC36227	transcriptA116984	unique_transcript	0	geneC15526	geneA20282	;category:c;
C	A	transcriptC36865	transcriptA35057	unique_transcript	0	geneC11882	geneA16485	;category:=;
C	A	transcriptC37400		absent_transcript	0	geneC15525	geneA20282	;category:e;
C	A	transcriptC37912		absent_transcript	0	geneC35017	geneA41459	;category:j;
C	A	transcriptC38889	transcriptA57239	unique_transcript	0	geneC2718	geneA3408	;category:=;
C	A	transcriptC39061		absent_transcript	0	geneC8282	geneA12608	;category:j;
C	A	transcriptC39062		absent_transcript	0	geneC8282	geneA12608	;category:j;
C	A	transcriptC39063		absent_transcript	0	geneC8282	geneA12608	;category:j;
C	A	transcriptC39064		absent_transcript	0	geneC8282	geneA12608	;category:n;
C	A	transcriptC40958		absent_transcript	0	geneC2967	geneA3700	;category:n;
C	A	transcriptC41140	transcriptA67550	unique_transcript	0	geneC6957	geneA11166	;category:k;
C	A	transcriptC41141		absent_transcript	0	geneC6957	geneA11166	;category:m;
C	A	transcriptC41142		absent_transcript	0	geneC6957	geneA11166	;category:m;
C	A	transcriptC44545		absent_gene	0	geneC15524		;category:o;
C	A	transcriptC45981		absent_transcript	0	geneC12674	geneA17350	;category:n;
C	A	transcriptC45982		absent_transcript	0	geneC12674	geneA17350	;category:n;
C	A	transcriptC45983		absent_transcript	0	geneC12674	geneA17350	;category:n;
C	A	transcriptC46603	transcriptA94488	unique_transcript	0	geneC15523	geneA20283	;category:k;
C	A	transcriptC47473	transcriptA136976	unique_transcript	0	geneC1390	geneA1910	;category:=;
C	A	transcriptC47474	transcriptA73225	unique_transcript	0	geneC1390	geneA1910	;category:=;
C	A	transcriptC47475		absent_transcript	0	geneC1390	geneA1910	;category:j;
C	A	transcriptC47826	transcriptA79020	unique_transcript	0	geneC15520	geneA20281	;category:=;
C	A	transcriptC48228	transcriptA98955	unique_transcript	0	geneC15530	geneA20285	;category:=;
C	A	transcriptC48532		absent_transcript	0	geneC10000	geneA14565	;category:j;
C	A	transcriptC49085		absent_transcript	0	geneC8126	geneA12428	;category:n;
C	A	transcriptC49395	transcriptA33845	unique_transcript	0	geneC15532	geneA20286	;category:=;
C	A	transcriptC49476	transcriptA100337	unique_transcript	0	geneC35637	geneA42124	;category:=;
C	A	transcriptC49744		absent_transcript	0	geneC20561	geneA25622	;category:n;
C	A	transcriptC51017		absent_transcript	0	geneC1394	geneA1914	;category:j;
C	A	transcriptC51020	transcriptA52049	unique_transcript	0	geneC10293	geneA14875	;category:j;
C	A	transcriptC51022	transcriptA139610	multiple_transcript	0	geneC10293	geneA14875	;category:=;from_len=5105;to_len=5047;from_coverage_length=8957;to_coverage_length=8921
C	A	transcriptC51022	transcriptA52049	multiple_transcript	0	geneC10293	geneA14875	;category:=;from_len=5105;to_len=1452;from_coverage_length=8957;to_coverage_length=4176
C	A	transcriptC51023	transcriptA126200	multiple_transcript	0	geneC10293	geneA14875	;category:=;from_len=5133;to_len=5075;from_coverage_length=8957;to_coverage_length=8921
C	A	transcriptC51023	transcriptA52049	multiple_transcript	0	geneC10293	geneA14875	;category:=;from_len=5133;to_len=1452;from_coverage_length=8957;to_coverage_length=4176
C	A	transcriptC51024	transcriptA7588	multiple_transcript	0	geneC10293	geneA14875	;category:=;from_len=5870;to_len=5745;from_coverage_length=8748;to_coverage_length=8645
C	A	transcriptC51024	transcriptA52049	multiple_transcript	0	geneC10293	geneA14875	;category:=;from_len=5870;to_len=1452;from_coverage_length=8748;to_coverage_length=4176
C	A	transcriptC51025	transcriptA52049	unique_transcript	0	geneC10293	geneA14875	;category:n;
C	A	transcriptC51027	transcriptA52049	unique_transcript	0	geneC10293	geneA14875	;category:n;
C	A	transcriptC706		absent_gene	0	geneC1168		;category:u;
C	A	transcriptC7170	transcriptA137263	unique_transcript	0	geneC38985	geneA8281	;category:=;
C	A	transcriptC7171		absent_transcript	0	geneC38985	geneA8281	;category:n;
C	A	transcriptC7172		absent_transcript	0	geneC38985	geneA8281	;category:j;
C	A	transcriptC7173		absent_transcript	0	geneC38985	geneA8281	;category:j;
C	A	transcriptC7174	transcriptA3883	multiple_transcript	0	geneC38985	geneA8281	;category:c;from_len=1219;to_len=4476;from_coverage_length=1289;to_coverage_length=4698
C	A	transcriptC7174	transcriptA113727	multiple_transcript	0	geneC38985	geneA8281	;category:c;from_len=1219;to_len=3793;from_coverage_length=1289;to_coverage_length=3895
C	A	transcriptC7175	transcriptA82794	multiple_transcript	0	geneC38985	geneA8281	;category:c;from_len=1042;to_len=1743;from_coverage_length=1561;to_coverage_length=4684
C	A	transcriptC7175	transcriptA137263	multiple_transcript	0	geneC38985	geneA8281	;category:c;from_len=1042;to_len=1809;from_coverage_length=1561;to_coverage_length=4745
C	A	transcriptC7175	transcriptA105958	multiple_transcript	0	geneC38985	geneA8281	;category:c;from_len=1042;to_len=1898;from_coverage_length=1561;to_coverage_length=4745
C	A	transcriptC7176	transcriptA105958	unique_transcript	0	geneC38985	geneA8281	;category:=;
C	A	transcriptC8798	transcriptA19706	unique_transcript	0	geneC15529	geneA20284	;category:=;
